<?xml version="1.0" encoding="UTF-8" standalone="yes"?>
<manifest>
  <control namespace="SampleNamespace" constructor="AnimateBackgroundGrey" version="1.0.1" display-name-key="AnimateBackgroundGrey" description-key="AnimateBackgroundGrey description" control-type="standard" api-version="1.3.5">
    <external-service-usage enabled="false"/>
    <property name="sampleProperty" display-name-key="Property_Display_Key" description-key="Property_Desc_Key" of-type="SingleLine.Text" usage="bound" required="true"/>
    <resources>
      <code path="bundle.js" order="1"/>
    </resources>
    <built-by name="pac" version="1.23.3"/>
  </control>
</manifest>